,AAA,AAC,AAG,AAT,ACA,ACC,ACG,ACT,AGA,AGC,AGG,AGT,ATA,ATC,ATG,ATT,CAA,CAC,CAG,CAT,CCA,CCC,CCG,CCT,CGA,CGC,CGG,CGT,CTA,CTC,CTG,CTT,GAA,GAC,GAG,GAT,GCA,GCC,GCG,GCT,GGA,GGC,GGG,GGT,GTA,GTC,GTG,GTT,TAA,TAC,TAG,TAT,TCA,TCC,TCG,TCT,TGA,TGC,TGG,TGT,TTA,TTC,TTG,TTT
AAA,,0.03336724089575657,0.4051604554632103,0.20717017991937897,0.0,0.0,0.0,0.0,0.4422693465922887,0.0,0.0,0.0,0.16129180898388604,0.0,0.0,0.0,0.0,0.0,0.0,0.0,0.0,0.0,0.0,0.0,0.0,0.0,0.0,0.0,0.0,0.0,0.0,0.0,0.3872537542020772,0.0,0.0,0.0,0.0,0.0,0.0,0.0,0.0,0.0,0.0,0.0,0.0,0.0,0.0,0.0,0.21529391404431927,0.0,0.0,0.0,0.0,0.0,0.0,0.0,0.0,0.0,0.0,0.0,0.0,0.0,0.0,0.0
AAC,0.2697633843072712,,0.030357427366112237,0.5205083500454786,0.0,0.04112186038423408,0.0,0.0,0.0,0.1938453882135827,0.0,0.0,0.0,0.07147140153901152,0.0,0.0,0.0,0.0,0.0,0.0,0.0,0.0,0.0,0.0,0.0,0.0,0.0,0.0,0.0,0.0,0.0,0.0,0.0,0.3931289654599735,0.0,0.0,0.0,0.0,0.0,0.0,0.0,0.0,0.0,0.0,0.0,0.0,0.0,0.0,0.0,0.1985733977859654,0.0,0.0,0.0,0.0,0.0,0.0,0.0,0.0,0.0,0.0,0.0,0.0,0.0,0.0
AAG,0.9324547746985783,0.020798049324761286,,0.36477675350942995,0.0,0.0,0.07864103460211778,0.0,0.01036866160347949,0.0,0.32505425224755524,0.0,0.0,0.0,0.0948271951121494,0.0,0.0,0.0,0.020798049324761286,0.0,0.0,0.0,0.0,0.0,0.0,0.0,0.0,0.0,0.0,0.0,0.0,0.0,0.0,0.0,0.20608345520553964,0.0,0.0,0.0,0.0,0.0,0.0,0.0,0.0,0.0,0.0,0.0,0.0,0.0,0.0,0.0,0.14810031811341176,0.0,0.0,0.0,0.0,0.0,0.0,0.0,0.0,0.0,0.0,0.0,0.0,0.0
AAT,0.1749716627907335,0.24916431394096863,0.010626693304124737,,0.0,0.0,0.0,0.020890664619084943,0.0,0.0,0.0,0.3965273242277757,0.0,0.0,0.0,0.24924539594219394,0.0,0.0,0.0,0.026798239331230607,0.0,0.0,0.0,0.0,0.0,0.0,0.0,0.0,0.0,0.0,0.0,0.0,0.0,0.0,0.0,0.3643093821943336,0.0,0.0,0.0,0.0,0.0,0.0,0.0,0.0,0.0,0.0,0.0,0.0,0.0,0.0,0.0,0.1671326829990198,0.0,0.0,0.0,0.0,0.0,0.0,0.0,0.0,0.0,0.0,0.0,0.0
ACA,0.05222537911694748,0.0,0.0,0.0,,0.0312489790008356,0.14575669494612206,0.020760778942779654,0.010272578884723712,0.0,0.0,0.0,0.20847027412112545,0.0,0.0,0.0,0.0,0.0,0.0,0.0,0.030817736654171136,0.0,0.0,0.0,0.0,0.0,0.0,0.0,0.0,0.0,0.0,0.0,0.0,0.0,0.0,0.0,0.23864114725529992,0.0,0.0,0.0,0.0,0.0,0.0,0.0,0.0,0.0,0.0,0.0,0.0,0.0,0.0,0.0,0.10401951588723052,0.0,0.0,0.0,0.0,0.0,0.0,0.0,0.0,0.0,0.0,0.0
ACC,0.0,0.18761693120625733,0.0,0.0,0.08444557771512311,,0.035944973341263446,0.34000642335393727,0.0,0.035944973341263446,0.0,0.0,0.0,0.3993407390038679,0.0,0.0,0.0,0.0,0.0,0.0,0.0,0.02511126206519245,0.0,0.0,0.0,0.0,0.0,0.0,0.0,0.0,0.0,0.0,0.0,0.0,0.0,0.0,0.0,0.14377989336505378,0.0,0.0,0.0,0.0,0.0,0.0,0.0,0.0,0.0,0.0,0.0,0.0,0.0,0.0,0.0,0.04850060437385966,0.0,0.0,0.0,0.0,0.0,0.0,0.0,0.0,0.0,0.0
ACG,0.0,0.0,0.23163992508179262,0.0,0.35191743483281035,0.01028615066989725,,0.18871563824922447,0.0,0.0,0.01028615066989725,0.0,0.0,0.0,1.033079323911514,0.0,0.0,0.0,0.0,0.0,0.0,0.0,0.03792398299487617,0.0,0.0,0.0,0.0,0.0,0.0,0.0,0.0,0.0,0.0,0.0,0.0,0.0,0.0,0.0,0.3199651327403038,0.0,0.0,0.0,0.0,0.0,0.0,0.0,0.0,0.0,0.0,0.0,0.0,0.0,0.0,0.0,0.07412982429117888,0.0,0.0,0.0,0.0,0.0,0.0,0.0,0.0,0.0
ACT,0.0,0.0,0.0,0.053309302197053564,0.08959420928755689,0.12335010121790069,0.042900343273658804,,0.0,0.0,0.0,0.010408958923394761,0.0,0.0,0.0,0.3495252840896692,0.0,0.0,0.0,0.0,0.0,0.0,0.0,0.0,0.0,0.0,0.0,0.0,0.0,0.0,0.0,0.0,0.0,0.0,0.0,0.0,0.0,0.0,0.0,0.21576622394837378,0.0,0.0,0.0,0.0,0.0,0.0,0.0,0.0,0.0,0.0,0.0,0.0,0.0,0.0,0.0,0.06624727628060784,0.0,0.0,0.0,0.0,0.0,0.0,0.0,0.0
AGA,0.0,0.0,0.0,0.0,0.0,0.0,0.0,0.0,,0.0,0.0,0.0,0.0,0.0,0.0,0.0,0.0,0.0,0.0,0.0,0.0,0.0,0.0,0.0,0.0,0.0,0.0,0.0,0.0,0.0,0.0,0.0,0.0,0.0,0.0,0.0,0.0,0.0,0.0,0.0,0.0,0.0,0.0,0.0,0.0,0.0,0.0,0.0,0.0,0.0,0.0,0.0,0.0,0.0,0.0,0.0,0.0,0.0,0.0,0.0,0.0,0.0,0.0,0.0
AGC,0.01003848113502686,1.6607497131023865,0.0,0.0,0.0,0.02117544301072989,0.0,0.0,1.1352362953864472,,0.010272578884723712,1.9305138565913798,0.01003848113502686,1.0247004100730572,0.0,0.0,0.0,0.0,0.0,0.0,0.0,0.0,0.0,0.0,0.0,0.020545157769447424,0.0,0.0,0.0,0.0,0.0,0.0,0.0,0.0,0.0,0.0,0.0,0.0,0.0,0.0,0.0,0.6650780423902573,0.0,0.0,0.0,0.0,0.0,0.0,0.0,0.0,0.0,0.0,0.0,0.0,0.0,0.0,0.0,0.1037522615801052,0.0,0.0,0.0,0.0,0.0,0.0
AGG,0.0,0.0,0.0,0.0,0.0,0.0,0.0,0.0,0.0,0.0,,0.0,0.0,0.0,0.0,0.0,0.0,0.0,0.0,0.0,0.0,0.0,0.0,0.0,0.0,0.0,0.0,0.0,0.0,0.0,0.0,0.0,0.0,0.0,0.0,0.0,0.0,0.0,0.0,0.0,0.0,0.0,0.0,0.0,0.0,0.0,0.0,0.0,0.0,0.0,0.0,0.0,0.0,0.0,0.0,0.0,0.0,0.0,0.0,0.0,0.0,0.0,0.0,0.0
AGT,0.0,0.0,0.0,0.0,0.0,0.0,0.0,0.0,0.0,0.0,0.0,,0.0,0.0,0.0,0.0,0.0,0.0,0.0,0.0,0.0,0.0,0.0,0.0,0.0,0.0,0.0,0.0,0.0,0.0,0.0,0.0,0.0,0.0,0.0,0.0,0.0,0.0,0.0,0.0,0.0,0.0,0.0,0.0,0.0,0.0,0.0,0.0,0.0,0.0,0.0,0.0,0.0,0.0,0.0,0.0,0.0,0.0,0.0,0.0,0.0,0.0,0.0,0.0
ATA,0.0,0.0,0.0,0.0,0.0,0.0,0.0,0.0,0.0,0.0,0.0,0.0,,0.0,0.0,0.0,0.0,0.0,0.0,0.0,0.0,0.0,0.0,0.0,0.0,0.0,0.0,0.0,0.0,0.0,0.0,0.0,0.0,0.0,0.0,0.0,0.0,0.0,0.0,0.0,0.0,0.0,0.0,0.0,0.0,0.0,0.0,0.0,0.0,0.0,0.0,0.0,0.0,0.0,0.0,0.0,0.0,0.0,0.0,0.0,0.0,0.0,0.0,0.0
ATC,0.0,0.012881732496561844,0.0,0.0,0.0,0.1551299142166222,0.0,0.0,0.0,0.048796033881755026,0.0,0.0,0.35859388959405175,,0.010481304463014488,0.6484599261251399,0.0,0.0,0.0,0.0,0.0,0.0,0.0,0.0,0.0,0.010481304463014488,0.0,0.0,0.0,0.040715157452287896,0.0,0.0,0.0,0.0,0.0,0.0,0.0,0.0,0.0,0.0,0.0,0.0,0.0,0.0,0.0,0.14911899774975743,0.0,0.0,0.0,0.0,0.0,0.0,0.0,0.0,0.0,0.0,0.0,0.0,0.0,0.0,0.0,0.13229630874893317,0.0,0.0
ATG,0.0,0.0,0.07185367163725377,0.0,0.0,0.0,0.2381130115324892,0.0,0.0,0.0,0.10506051170056417,0.0,0.7741198024139466,0.02031106001975057,,0.19722524335756847,0.0,0.0,0.0,0.0,0.0,0.0,0.0,0.0,0.0,0.0,0.0,0.0,0.0,0.0,0.05190703762503073,0.0,0.0,0.0,0.0,0.0,0.0,0.0,0.0,0.0,0.0,0.0,0.0,0.0,0.0,0.0,0.083318306416668,0.0,0.0,0.0,0.0,0.0,0.0,0.0,0.0,0.0,0.0,0.0,0.0,0.0,0.0,0.0,0.11395133425719628,0.0
ATT,0.0,0.0,0.0,0.27089218962759476,0.0,0.0,0.0,0.44975089370853094,0.0,0.0,0.0,0.0692648748128252,0.2824466037283811,0.49387681325778,0.2054308553460279,,0.0,0.0,0.0,0.0,0.0,0.0,0.0,0.010669365346840006,0.0,0.0,0.0,0.0,0.0,0.0,0.0,0.08926425155021106,0.0,0.0,0.0,0.0,0.0,0.0,0.0,0.0,0.0,0.0,0.0,0.0,0.0,0.011032570303283761,0.0,0.5527077273959677,0.0,0.0,0.0,0.0,0.0,0.0,0.0,0.0,0.0,0.0,0.0,0.0,0.0,0.0,0.0,0.3152272057654318
CAA,0.47763233634915025,0.0,0.0,0.0,0.0,0.0,0.0,0.0,0.0,0.0,0.0,0.0,0.0,0.0,0.0,0.0,,0.01700616406853326,0.21172855497454068,0.0664462891768985,0.038628804761754586,0.0,0.0,0.0,0.14212553160317312,0.0,0.0,0.0,0.05405660173305331,0.0,0.0,0.0,0.0,0.0,0.0,0.0,0.0,0.0,0.0,0.0,0.0,0.0,0.0,0.0,0.0,0.0,0.0,0.0,0.44034464935059914,0.0,0.0,0.0,0.0,0.0,0.0,0.0,0.0,0.0,0.0,0.0,0.0,0.0,0.0,0.0
CAC,0.0,0.23550493299033232,0.0,0.0,0.0,0.0,0.0,0.0,0.0,0.0,0.0,0.0,0.0,0.0,0.0,0.0,0.07850164433011078,,0.0,0.23550493299033232,0.0,0.0,0.0,0.0,0.0,0.05233442955340718,0.0,0.0,0.0,0.0,0.0,0.0,0.0,0.02616721477670359,0.0,0.0,0.0,0.0,0.0,0.0,0.0,0.0,0.0,0.0,0.0,0.0,0.0,0.0,0.0,0.23550493299033232,0.0,0.0,0.0,0.0,0.0,0.0,0.0,0.0,0.0,0.0,0.0,0.0,0.0,0.0
CAG,0.0,0.0,0.4250830465666302,0.0,0.0,0.0,0.0,0.0,0.0,0.0,0.0,0.0,0.0,0.0,0.0,0.0,0.8226905236041591,0.0,,0.5055217004216435,0.0,0.0,0.03177426200748734,0.0,0.0,0.0,0.45824290060709216,0.0,0.0,0.0,0.13535375031912988,0.0,0.0,0.0,0.02276740765433342,0.0,0.0,0.0,0.0,0.0,0.0,0.0,0.0,0.0,0.0,0.0,0.0,0.0,0.0,0.0,1.1198519393200086,0.0,0.0,0.0,0.0,0.0,0.0,0.0,0.0,0.0,0.0,0.0,0.0,0.0
CAT,0.0,0.0,0.0,0.511608854208055,0.0,0.0,0.0,0.0,0.0,0.0,0.0,0.0,0.0,0.0,0.0,0.0,0.11641606542245601,0.21265411609533982,0.01003848113502686,,0.0,0.0,0.0,0.04414910649821448,0.0,0.0,0.0,0.0983366941314558,0.0,0.0,0.0,0.0782597318614021,0.0,0.0,0.0,0.04414910649821448,0.0,0.0,0.0,0.0,0.0,0.0,0.0,0.0,0.0,0.0,0.0,0.0,0.0,0.0,0.0,0.6702774876291905,0.0,0.0,0.0,0.0,0.0,0.0,0.0,0.0,0.0,0.0,0.0,0.0
CCA,0.0,0.0,0.0,0.0,0.3967203880244568,0.0,0.0,0.0,0.0,0.0,0.0,0.0,0.0,0.0,0.0,0.0,0.04344216878726027,0.0,0.011507350422890241,0.0,,0.010644939454790007,0.13118891732988103,0.10097892090171144,0.0,0.0,0.0,0.0,0.2603570048859744,0.0,0.0,0.0,0.0,0.0,0.0,0.0,0.023014700845780483,0.0,0.0,0.0,0.0,0.0,0.0,0.0,0.0,0.0,0.0,0.0,0.0,0.0,0.0,0.0,0.4418873787479175,0.0,0.0,0.0,0.0,0.0,0.0,0.0,0.0,0.0,0.0,0.0
CCC,0.0,0.0,0.0,0.0,0.0,0.031772169104407874,0.0,0.0,0.0,0.0,0.0,0.0,0.0,0.0,0.0,0.0,0.0,0.021181446069605248,0.0,0.0,0.021181446069605248,,0.010590723034802624,0.18004229159164464,0.0,0.0,0.0,0.0,0.0,0.08472578427842099,0.0,0.0,0.0,0.0,0.0,0.0,0.0,0.021181446069605248,0.0,0.0,0.0,0.0,0.0,0.0,0.0,0.0,0.0,0.0,0.0,0.0,0.0,0.0,0.0,0.11649795338282887,0.0,0.0,0.0,0.0,0.0,0.0,0.0,0.0,0.0,0.0
CCG,0.0,0.0,0.0,0.0,0.0,0.0,0.16302083307494916,0.0,0.0,0.0,0.0,0.0,0.0,0.0,0.0,0.0,0.0,0.0,0.20221270364924882,0.0,0.49146763413936684,0.05115445964094205,,0.3939689846865216,0.0,0.0,0.01003848113502686,0.0,0.0,0.0,0.3551950555891711,0.0,0.0,0.0,0.0,0.0,0.0,0.0,0.04063495152301132,0.0,0.0,0.0,0.0,0.0,0.0,0.0,0.0,0.0,0.0,0.0,0.0,0.0,0.0,0.0,0.25577229820471026,0.0,0.0,0.0,0.0,0.0,0.0,0.0,0.0,0.0
CCT,0.0,0.0,0.0,0.0,0.0,0.0,0.0,0.08717748736492305,0.0,0.0,0.0,0.0,0.0,0.0,0.0,0.0,0.0,0.0,0.0,0.021794371841230762,0.0,0.06538311552369229,0.043588743682461524,,0.0,0.0,0.0,0.0,0.0,0.0,0.0,0.10897185920615382,0.0,0.0,0.0,0.0,0.0,0.0,0.0,0.0,0.0,0.0,0.0,0.0,0.0,0.0,0.0,0.0,0.0,0.0,0.0,0.0,0.0,0.0,0.0,0.13076623104738458,0.0,0.0,0.0,0.0,0.0,0.0,0.0,0.0
CGA,0.0,0.0,0.0,0.0,0.0,0.0,0.0,0.0,0.0,0.0,0.0,0.0,0.0,0.0,0.0,0.0,0.0,0.0,0.0,0.0,0.0,0.0,0.0,0.0,,0.0,0.0,0.0,0.0,0.0,0.0,0.0,0.0,0.0,0.0,0.0,0.0,0.0,0.0,0.0,0.0,0.0,0.0,0.0,0.0,0.0,0.0,0.0,0.0,0.0,0.0,0.0,0.0,0.0,0.0,0.0,0.0,0.0,0.0,0.0,0.0,0.0,0.0,0.0
CGC,0.0,0.0,0.0,0.0,0.0,0.0,0.0,0.0,0.0,1.5944953630935423,0.0,0.0,0.0,0.0,0.0,0.0,0.0,2.3882837476672334,0.0,0.0,0.0,0.06774635469197714,0.0,0.0,1.6314383553878227,,0.04347420902705212,1.7413348754521072,0.0,1.1361433396267275,0.0,0.0,0.0,0.0,0.0,0.0,0.0,0.0,0.0,0.0,0.0,0.05897196663002211,0.0,0.0,0.0,0.0,0.0,0.0,0.0,0.0,0.0,0.0,0.0,0.0,0.0,0.0,0.0,2.4821089899837467,0.0,0.010569324257400023,0.0,0.0,0.0,0.0
CGG,0.0,0.0,0.0,0.0,0.0,0.0,0.0,0.0,0.0,0.0,0.0,0.0,0.0,0.0,0.0,0.0,0.0,0.0,0.0,0.0,0.0,0.0,0.0,0.0,0.0,0.0,,0.0,0.0,0.0,0.0,0.0,0.0,0.0,0.0,0.0,0.0,0.0,0.0,0.0,0.0,0.0,0.0,0.0,0.0,0.0,0.0,0.0,0.0,0.0,0.0,0.0,0.0,0.0,0.0,0.0,0.0,0.0,0.0,0.0,0.0,0.0,0.0,0.0
CGT,0.0,0.0,0.0,0.0,0.0,0.0,0.0,0.0,0.0,0.0,0.0,0.6630867751080852,0.0,0.0,0.0,0.0,0.0,0.0,0.0,1.0396513842655934,0.0,0.0,0.0,0.028713012249608046,0.1243125771302412,0.22669541270997043,0.11072678617711866,,0.0,0.0,0.0,0.17484702177629588,0.0,0.0,0.0,0.0,0.0,0.0,0.0,0.0,0.0,0.0,0.0,0.03985833969661336,0.0,0.0,0.0,0.0,0.0,0.0,0.0,0.0,0.0,0.0,0.0,0.0,0.0,0.0,0.0,0.727093127224747,0.0,0.0,0.0,0.0
CTA,0.0,0.0,0.0,0.0,0.0,0.0,0.0,0.0,0.0,0.0,0.0,0.0,0.0,0.0,0.0,0.0,0.0,0.0,0.0,0.0,0.0,0.0,0.0,0.0,0.0,0.0,0.0,0.0,,0.0,0.0,0.0,0.0,0.0,0.0,0.0,0.0,0.0,0.0,0.0,0.0,0.0,0.0,0.0,0.0,0.0,0.0,0.0,0.0,0.0,0.0,0.0,0.0,0.0,0.0,0.0,0.0,0.0,0.0,0.0,0.0,0.0,0.0,0.0
CTC,0.0,0.0,0.0,0.0,0.0,0.0,0.0,0.0,0.0,0.0,0.0,0.0,0.0,0.0,0.0,0.0,0.0,0.0,0.0,0.0,0.0,0.0,0.0,0.0,0.0,0.0,0.0,0.0,0.0,,0.0,0.0,0.0,0.0,0.0,0.0,0.0,0.0,0.0,0.0,0.0,0.0,0.0,0.0,0.0,0.0,0.0,0.0,0.0,0.0,0.0,0.0,0.0,0.0,0.0,0.0,0.0,0.0,0.0,0.0,0.0,0.0,0.0,0.0
CTG,0.0,0.0,0.0102997583636828,0.0,0.0,0.0,0.0,0.0,0.0,0.0,0.0,0.0,0.0,0.0,0.5747010795000912,0.0,0.0,0.0,0.09554021141864102,0.0,0.0,0.0,0.3873675574180482,0.0,0.0,0.0,0.030115443405080575,0.0,0.6329334081607745,0.031627656723673646,,0.46437636972007784,0.0,0.0,0.0,0.0,0.0,0.0,0.0,0.0,0.0,0.0,0.0,0.0,0.0,0.0,0.010794587794323393,0.0,0.0,0.0,0.0,0.0,0.0,0.0,0.0,0.0,0.0,0.0,0.0,0.0,0.0,0.0,1.0311907631481687,0.010794587794323393
CTT,0.0,0.0,0.0,0.0,0.0,0.0,0.0,0.0,0.0,0.0,0.0,0.0,0.0,0.0,0.0,0.4685347987769629,0.0,0.0,0.0,0.02365972687017614,0.0,0.0,0.0,0.24574202586252913,0.0,0.0,0.0,0.011337826668014962,0.06901103354223599,0.22993367640169265,0.026162102594705253,,0.0,0.0,0.0,0.0,0.0,0.0,0.0,0.0,0.0,0.0,0.0,0.0,0.0,0.0,0.0,0.0,0.0,0.0,0.0,0.0,0.0,0.0,0.0,0.0,0.0,0.0,0.0,0.0,0.0,0.0,0.0,0.5226509057688218
GAA,2.0481565699506046,0.0,0.01004450482607698,0.0,0.0,0.0,0.0,0.0,0.0,0.0,0.0,0.0,0.0,0.0,0.0,0.0,0.16878811358607967,0.0,0.0,0.0,0.0,0.010272578884723712,0.0,0.0,0.0,0.0,0.0,0.0,0.0,0.0,0.0,0.0,,0.08351518597607699,1.1074589149791447,0.24129198938863017,0.10509387102796744,0.0,0.0,0.0,0.6605917883516068,0.0,0.0,0.0,0.2933079548308405,0.0,0.0,0.0,1.0104883890600096,0.0,0.0,0.0,0.0,0.0,0.0,0.0,0.0,0.0,0.0,0.0,0.0,0.0,0.0,0.0
GAC,0.0,1.0245452539072757,0.0,0.0,0.0,0.0,0.0,0.0,0.0,0.0,0.0,0.0,0.0,0.0,0.0,0.0,0.0,0.032797814154425585,0.0,0.0,0.0,0.0,0.0,0.0,0.0,0.0,0.0,0.0,0.0,0.0,0.0,0.0,0.3937095979046192,,0.0,1.3401514703533182,0.0,0.097867881673875,0.0,0.0,0.0,0.3763356647578608,0.0,0.0,0.0,0.26260205498624073,0.0,0.0,0.0,0.5339699655013649,0.0,0.0,0.0,0.0,0.0,0.0,0.0,0.0,0.0,0.0,0.0,0.0,0.0,0.0
GAG,0.0,0.0,0.260379853604448,0.0,0.0,0.0,0.0,0.0,0.0,0.0,0.0,0.0,0.0,0.0,0.0,0.0,0.0,0.0,0.0,0.0,0.0,0.0,0.0,0.0,0.0,0.0,0.0,0.0,0.0,0.0,0.0,0.0,0.9854822302810226,0.011635329852748958,,0.8438990099636251,0.0,0.0,0.03659494707880918,0.0,0.0,0.0,0.42099455729156887,0.0,0.0,0.0,0.0832263680110876,0.0,0.0,0.0,0.09317274034327426,0.0,0.0,0.0,0.0,0.0,0.0,0.0,0.0,0.0,0.0,0.0,0.0,0.0
GAT,0.0,0.0,0.0,1.0194683663704611,0.0,0.0,0.0,0.0,0.0,0.0,0.0,0.0,0.0,0.0,0.0,0.0,0.0,0.0,0.0,0.032962165328061024,0.0,0.0,0.0,0.0,0.0,0.0,0.0,0.0,0.0,0.0,0.0,0.0,0.19569214424590342,0.4000352525691776,0.13575377258718374,,0.0,0.0,0.0,0.010147409852483807,0.0,0.0,0.0,0.2624375127161511,0.0,0.0,0.0,0.19296846721310607,0.0,0.0,0.0,0.6231756638046123,0.0,0.0,0.0,0.0,0.0,0.0,0.0,0.0,0.0,0.0,0.0,0.0
GCA,0.0,0.0,0.0,0.0,0.07143111416171924,0.0,0.0,0.0,0.0,0.0,0.0,0.0,0.0,0.0,0.0,0.0,0.0,0.0,0.0,0.0,0.0,0.0,0.0,0.0,0.0,0.0,0.0,0.0,0.0,0.0,0.0,0.0,0.0285724456646877,0.0,0.0,0.0,,0.0,0.0571448913293754,0.01428622283234385,0.0,0.0,0.0,0.0,0.17143467398812617,0.0,0.0,0.0,0.0,0.0,0.0,0.0,0.01428622283234385,0.0,0.0,0.0,0.0,0.0,0.0,0.0,0.0,0.0,0.0,0.0
GCC,0.0,0.0,0.0,0.0,0.0,0.39571452376059085,0.0,0.0,0.0,0.0,0.0,0.0,0.0,0.01003848113502686,0.0,0.0,0.0,0.0,0.0,0.0,0.0,0.0,0.0,0.0,0.0,0.0,0.0,0.0,0.0,0.0,0.0,0.0,0.01003848113502686,0.32240188506934375,0.0,0.0,0.2115103970846546,,0.02007696227005372,0.364428591607026,0.0,0.03058363890447428,0.0,0.0,0.0,0.36419449385732916,0.0,0.0,0.0,0.0,0.0,0.0,0.0,0.2967342989085034,0.0,0.0,0.0,0.0,0.0,0.0,0.0,0.0,0.0,0.0
GCG,0.0,0.0,0.0,0.0,0.0,0.0,0.8354590133155787,0.0,0.0,0.0,0.0,0.0,0.0,0.0,0.0,0.0,0.0,0.0,0.0,0.0,0.0,0.0,0.0,0.0,0.0,0.0,0.0,0.0,0.0,0.0,0.0,0.0,0.0,0.0,0.7750931235000529,0.0,0.8444465187859009,0.03034954115477743,,0.17575217385664624,0.0,0.0,0.010272578884723712,0.0,0.0,0.0,0.9139460951096572,0.0,0.0,0.0,0.0,0.0,0.0,0.0,0.9074058804852814,0.0,0.0,0.0,0.0,0.0,0.0,0.0,0.0,0.0
GCT,0.0,0.0,0.0,0.0,0.0,0.0,0.0,0.7675180303419286,0.0,0.0,0.0,0.0,0.0,0.0,0.0,0.0,0.0,0.0,0.0,0.0,0.0,0.0,0.0,0.011442846014736498,0.0,0.0,0.0,0.0,0.0,0.0,0.0,0.0,0.0,0.0,0.0,0.6313956283241395,0.06660407650290509,0.29850624472093645,0.05565128041587463,,0.0,0.0,0.0,0.011442846014736498,0.0,0.0,0.0,0.6823580597665905,0.0,0.0,0.0,0.0,0.0,0.0,0.0,0.16173674330986154,0.0,0.0,0.0,0.0,0.0,0.0,0.0,0.0
GGA,0.0,0.0,0.0,0.0,0.0,0.0,0.0,0.0,0.23014437157640633,0.0,0.0,0.0,0.0,0.0,0.0,0.0,0.0,0.0,0.0,0.0,0.0,0.0,0.0,0.0,0.0,0.0,0.0,0.0,0.0,0.0,0.0,0.0,0.07671479052546877,0.0,0.0,0.0,0.0,0.0,0.0,0.0,,0.038357395262734385,0.19178697631367195,0.038357395262734385,0.0,0.0,0.0,0.0,0.0,0.0,0.0,0.0,0.0,0.0,0.0,0.0,0.038357395262734385,0.0,0.0,0.0,0.0,0.0,0.0,0.0
GGC,0.0,0.0,0.0,0.0,0.0,0.0,0.0,0.0,0.0,0.25980717307137957,0.0,0.0,0.0,0.0,0.0,0.0,0.0,0.0,0.0,0.0,0.0,0.0,0.0,0.0,0.0,0.02683311392242582,0.0,0.0,0.0,0.0,0.0,0.0,0.0,0.4521929670680154,0.0,0.0,0.0,0.0,0.0,0.0,0.10176267634401058,,0.07492956242158477,0.5143831610657457,0.0,0.29710265714783235,0.0,0.0,0.0,0.0,0.0,0.0,0.0,0.0,0.0,0.0,0.0,0.07492956242158477,0.0,0.0,0.0,0.0,0.0,0.0
GGG,0.0,0.0,0.0,0.0,0.0,0.0,0.0,0.0,0.0,0.0,0.239557229011556,0.0,0.0,0.0,0.0,0.0,0.0,0.0,0.0,0.0,0.0,0.0,0.0,0.0,0.0,0.0,0.01147776144587033,0.0,0.0,0.0,0.0,0.0,0.01003848113502686,0.0,0.24387506994408642,0.0,0.0,0.0,0.01003848113502686,0.0,0.3027031574842815,0.03299400402676752,,0.15924937993134114,0.0,0.0,0.10758121290448594,0.0,0.0,0.0,0.0,0.0,0.0,0.0,0.0,0.0,0.0,0.0,0.08894353094527568,0.0,0.0,0.0,0.0,0.0
GGT,0.0,0.0,0.0,0.0,0.0,0.0,0.0,0.0,0.0,0.0,0.0,0.5374306908346267,0.0,0.0,0.0,0.0,0.0,0.0,0.0,0.0,0.0,0.0,0.0,0.0,0.0,0.0,0.0,0.023439200459140754,0.0,0.0,0.0,0.0,0.0,0.0,0.0,0.6448892495887008,0.0,0.0,0.0,0.010756091433032796,0.20895490904999262,0.3047363741965021,0.07962315516552781,,0.0,0.0,0.0,0.3065869157260676,0.0,0.0,0.0,0.0,0.0,0.0,0.0,0.0,0.0,0.0,0.0,0.1858797606088809,0.0,0.0,0.0,0.0
GTA,0.0,0.0,0.0,0.0,0.0,0.0,0.0,0.0,0.0,0.0,0.0,0.0,0.6594836676180279,0.0,0.0,0.0,0.0,0.0,0.0,0.0,0.0,0.0,0.0,0.0,0.0,0.0,0.0,0.0,0.0,0.0,0.0,0.0,0.07544298201499416,0.0,0.0,0.0,0.22952109412653152,0.0,0.0,0.0,0.010704845745767914,0.0,0.0,0.0,,0.045769972787697205,0.20489330931267485,0.08231039473193927,0.0,0.0,0.0,0.0,0.0,0.0,0.0,0.0,0.0,0.0,0.0,0.0,0.20341801441036214,0.0,0.0,0.0
GTC,0.0,0.0,0.0,0.0,0.0,0.0,0.0,0.0,0.0,0.0,0.0,0.0,0.0,0.2722184679656965,0.0,0.0,0.0,0.0,0.0,0.0,0.0,0.0,0.0,0.0,0.0,0.0,0.0,0.0,0.0,0.0,0.0,0.0,0.0,0.0,0.0,0.0,0.0,0.07561624110158235,0.0,0.0,0.0,0.060492992881265896,0.0,0.0,0.13610923398284824,,0.015123248220316474,0.1512324822031647,0.0,0.0,0.0,0.0,0.0,0.0,0.0,0.0,0.0,0.0,0.0,0.0,0.0,0.030246496440632948,0.0,0.0
GTG,0.0,0.0,0.0,0.0,0.0,0.0,0.0,0.0,0.0,0.0,0.0,0.0,0.0,0.0,0.0,0.0,0.0,0.0,0.0,0.0,0.0,0.0,0.0,0.0,0.0,0.0,0.0,0.0,0.0,0.0,0.0,0.0,0.0,0.0,0.0,0.0,0.0,0.0,0.0,0.0,0.0,0.0,0.0,0.0,0.0,0.0,,0.0,0.0,0.0,0.0,0.0,0.0,0.0,0.0,0.0,0.0,0.0,0.0,0.0,0.0,0.0,0.0,0.0
GTT,0.0,0.0,0.0,0.0,0.0,0.0,0.0,0.0,0.0,0.0,0.0,0.0,0.0,0.0,0.0,0.7963657521118492,0.0,0.0,0.0,0.0,0.0,0.0,0.0,0.0,0.0,0.0,0.0,0.0,0.0,0.0,0.0,0.013353942794301785,0.0,0.0,0.0,0.03839765638552894,0.0,0.0,0.0,0.13857251075043758,0.0,0.0,0.011689770796925373,0.05341577117720714,0.06344136997675609,0.19365245392502115,0.040061828382905354,,0.0,0.0,0.0,0.0,0.0,0.0,0.0,0.0,0.0,0.0,0.0,0.0,0.0,0.0,0.0,0.18029851113071932
TAA,0.0,0.0,0.0,0.0,0.0,0.0,0.0,0.0,0.0,0.0,0.0,0.0,0.0,0.0,0.0,0.0,0.0,0.0,0.0,0.0,0.0,0.0,0.0,0.0,0.0,0.0,0.0,0.0,0.0,0.0,0.0,0.0,0.0,0.0,0.0,0.0,0.0,0.0,0.0,0.0,0.0,0.0,0.0,0.0,0.0,0.0,0.0,0.0,,0.0,0.0,0.0,0.0,0.0,0.0,0.0,0.0,0.0,0.0,0.0,0.0,0.0,0.0,0.0
TAC,0.0,0.0,0.0,0.0,0.0,0.0,0.0,0.0,0.0,0.0,0.0,0.0,0.0,0.0,0.0,0.0,0.0,0.0652641521579984,0.0,0.0,0.0,0.0,0.0,0.0,0.0,0.0,0.0,0.0,0.0,0.0,0.0,0.0,0.0,0.010877358692999732,0.0,0.0,0.0,0.0,0.0,0.0,0.0,0.0,0.0,0.0,0.0,0.0,0.0,0.0,0.010877358692999732,,0.0,0.21754717385999464,0.0,0.0,0.0,0.0,0.0,0.07614151085099811,0.0,0.0,0.0,0.05438679346499866,0.0,0.0
TAG,0.0,0.0,0.0,0.0,0.0,0.0,0.0,0.0,0.0,0.0,0.0,0.0,0.0,0.0,0.0,0.0,0.0,0.0,0.0,0.0,0.0,0.0,0.0,0.0,0.0,0.0,0.0,0.0,0.0,0.0,0.0,0.0,0.0,0.0,0.0,0.0,0.0,0.0,0.0,0.0,0.0,0.0,0.0,0.0,0.0,0.0,0.0,0.0,0.0,0.0,,0.0,0.0,0.0,0.0,0.0,0.0,0.0,0.0,0.0,0.0,0.0,0.0,0.0
TAT,0.0,0.0,0.0,0.014235801584094303,0.0,0.0,0.0,0.0,0.0,0.0,0.0,0.0,0.0,0.0,0.0,0.0,0.0,0.0,0.0,0.26516673163034404,0.0,0.0,0.0,0.0,0.0,0.0,0.0,0.0,0.0,0.0,0.0,0.0,0.0,0.0,0.0,0.17975192212577817,0.0,0.0,0.0,0.0,0.0,0.0,0.0,0.0,0.0,0.0,0.0,0.0,0.028471603168188607,0.26516673163034404,0.028471603168188607,,0.0,0.0,0.0,0.028471603168188607,0.0,0.0,0.0,0.056943206336377214,0.0,0.0,0.0,0.028471603168188607
TCA,0.0,0.0,0.0,0.0,0.0,0.0,0.0,0.0,0.0,0.0,0.0,0.0,0.0,0.0,0.0,0.0,0.0,0.0,0.0,0.0,0.0,0.0,0.0,0.0,0.0,0.0,0.0,0.0,0.0,0.0,0.0,0.0,0.0,0.0,0.0,0.0,0.0,0.0,0.0,0.0,0.0,0.0,0.0,0.0,0.0,0.0,0.0,0.0,0.0,0.0,0.0,0.0,,0.0,0.0,0.0,0.0,0.0,0.0,0.0,0.0,0.0,0.0,0.0
TCC,0.0,0.0,0.0,0.0,0.0,0.02145565711879679,0.0,0.0,0.0,0.0,0.0,0.0,0.0,0.0,0.0,0.0,0.0,0.0,0.0,0.0,0.0,0.09655045703458556,0.0,0.0,0.0,0.0,0.0,0.0,0.0,0.0,0.0,0.0,0.0,0.0,0.0,0.0,0.0,0.02145565711879679,0.0,0.0,0.0,0.0,0.0,0.0,0.0,0.0,0.0,0.0,0.0,0.010727828559398396,0.0,0.0,0.04291131423759358,,0.010727828559398396,0.11800611415338236,0.0,0.032183485678195185,0.0,0.0,0.0,0.11800611415338236,0.0,0.0
TCG,0.0,0.0,0.0,0.0,0.0,0.0,0.0,0.0,0.0,0.0,0.0,0.0,0.0,0.0,0.0,0.0,0.0,0.0,0.0,0.0,0.0,0.0,0.0,0.0,0.0,0.0,0.0,0.0,0.0,0.0,0.0,0.0,0.0,0.0,0.0,0.0,0.0,0.0,0.0,0.0,0.0,0.0,0.0,0.0,0.0,0.0,0.0,0.0,0.0,0.0,0.0,0.0,0.0,0.0,,0.0,0.0,0.0,0.0,0.0,0.0,0.0,0.0,0.0
TCT,0.0,0.0,0.0,0.0,0.0,0.0,0.0,0.0,0.0,0.0,0.0,0.0,0.0,0.0,0.0,0.0,0.0,0.0,0.0,0.0,0.0,0.0,0.0,0.0,0.0,0.0,0.0,0.0,0.0,0.0,0.0,0.0,0.0,0.0,0.0,0.0,0.0,0.0,0.0,0.0,0.0,0.0,0.0,0.0,0.0,0.0,0.0,0.0,0.0,0.0,0.0,0.0,0.0,0.0,0.0,,0.0,0.0,0.0,0.0,0.0,0.0,0.0,0.0
TGA,0.0,0.0,0.0,0.0,0.0,0.0,0.0,0.0,0.0,0.0,0.0,0.0,0.0,0.0,0.0,0.0,0.0,0.0,0.0,0.0,0.0,0.0,0.0,0.0,0.0,0.0,0.0,0.0,0.0,0.0,0.0,0.0,0.0,0.0,0.0,0.0,0.0,0.0,0.0,0.0,0.0,0.0,0.0,0.0,0.0,0.0,0.0,0.0,0.0,0.0,0.0,0.0,0.0,0.0,0.0,0.0,,0.0,0.0,0.0,0.0,0.0,0.0,0.0
TGC,0.0,0.0,0.0,0.0,0.0,0.0,0.0,0.0,0.0,0.0,0.0,0.0,0.0,0.0,0.0,0.0,0.0,0.0,0.0,0.0,0.0,0.0,0.0,0.0,0.0,0.0,0.0,0.0,0.0,0.0,0.0,0.0,0.0,0.0,0.0,0.0,0.0,0.0,0.0,0.0,0.0,0.0,0.0,0.0,0.0,0.0,0.0,0.0,0.0,0.0,0.0,0.0,0.0,0.0,0.0,0.0,0.0,,0.0,0.0,0.0,0.0,0.0,0.0
TGG,0.0,0.0,0.0,0.0,0.0,0.0,0.0,0.0,0.0,0.0,0.0,0.0,0.0,0.0,0.0,0.0,0.0,0.0,0.0,0.0,0.0,0.0,0.0,0.0,0.0,0.0,0.11560198406531275,0.0,0.0,0.0,0.0,0.0,0.0,0.0,0.0,0.0,0.0,0.0,0.0,0.0,0.0,0.0,0.0,0.0,0.0,0.0,0.0,0.0,0.0,0.0,0.17340297609796915,0.0,0.0,0.0,0.0,0.0,0.05780099203265637,0.0,,0.028900496016328187,0.0,0.0,0.028900496016328187,0.0
TGT,0.0,0.0,0.0,0.0,0.0,0.0,0.0,0.0,0.0,0.0,0.0,0.011258141233249681,0.0,0.0,0.0,0.0,0.0,0.0,0.0,0.0,0.0,0.0,0.0,0.0,0.0,0.0,0.0,0.06754884739949808,0.0,0.0,0.0,0.0,0.0,0.0,0.0,0.0,0.03377442369974904,0.0,0.0,0.0,0.0,0.0,0.0,0.022516282466499362,0.0,0.0,0.0,0.0,0.0,0.0,0.0,0.19138840096524457,0.0,0.0,0.0,0.0,0.045032564932998724,0.0562907061662484,0.011258141233249681,,0.0,0.0,0.0,0.022516282466499362
TTA,0.0,0.0,0.0,0.0,0.0,0.0,0.0,0.0,0.0,0.0,0.0,0.0,0.1466245648974186,0.0,0.0,0.0,0.0,0.0,0.0,0.0,0.0,0.0,0.0,0.0,0.0,0.0,0.0,0.0,0.18486843426455643,0.0,0.0,0.0,0.0,0.0,0.0,0.0,0.0,0.0,0.0,0.0,0.010673787529193233,0.0,0.0,0.0,0.020946366413916943,0.0,0.0,0.0,0.0968164191285654,0.0,0.0,0.0,0.33187214732485376,0.0,0.0,0.0,0.04329701520943396,0.0,0.0,0.0,,0.0,0.35134822025517826,0.12758396560771026
TTC,0.0,0.0,0.0,0.0,0.0,0.0,0.0,0.0,0.0,0.0,0.0,0.0,0.0,0.19878908355455382,0.0,0.0,0.0,0.0,0.0,0.0,0.0,0.0,0.0,0.0,0.0,0.0,0.0,0.0,0.0,0.44282129924719815,0.0,0.0,0.0,0.0,0.0,0.0,0.0,0.0,0.0,0.0,0.0,0.0,0.0,0.0,0.0,0.035800727101462614,0.0,0.0,0.0,0.3026015222939599,0.0,0.0,0.0,0.4298845523233156,0.0,0.0,0.0,0.12549439373267668,0.0,0.0,0.7317562314293917,,0.035800727101462614,1.3359066622776952
TTG,0.0,0.0,0.0,0.0,0.0,0.0,0.0,0.0,0.0,0.0,0.0,0.0,0.0,0.0,0.05056386434876088,0.0,0.0,0.0,0.0,0.0,0.0,0.0,0.0,0.0,0.0,0.0,0.0,0.0,0.0,0.0,0.05056386434876088,0.0,0.0,0.0,0.0,0.0,0.0,0.0,0.0,0.0,0.0,0.0,0.0,0.0,0.0,0.0,0.07584579652314132,0.0,0.0,0.0,0.0,0.0,0.0,0.0,0.05056386434876088,0.0,0.0,0.0,0.0,0.0,0.22753738956942396,0.0,,0.05056386434876088
TTT,0.0,0.0,0.0,0.0,0.0,0.0,0.0,0.0,0.0,0.0,0.0,0.0,0.0,0.0,0.0,0.07493530206475728,0.0,0.0,0.0,0.0,0.0,0.0,0.0,0.0,0.0,0.0,0.0,0.0,0.0,0.0,0.0,0.1283280719689303,0.0,0.0,0.0,0.0,0.0,0.0,0.0,0.0,0.0,0.0,0.0,0.0,0.0,0.0,0.0,0.08036729115463209,0.0,0.0,0.0,0.04814620501321324,0.0,0.0,0.0,0.1444386150396397,0.0,0.0,0.0,0.03746765103237864,0.03746765103237864,0.18172084187310336,0.0,
