,0,1,2,3,4,5,6,7,8,9,10,11,12,13,14,15,16,17,18,19,20,21,22,23,24,25,26,27,28,29,30,31,32,33,34,35,36,37,38,39,40,41,42,43,44,45,46,47,48,49,50,51,52,53,54,55,56,57,58,59,60,61,62,63,64,65,66,67,68,69,70,71,72,73,74,75,76,77,78,79,80,81,82,83,84,85,86,87,88,89,90,91,92,93,94,95,96,97,98,99,100,101,102,103,104,105,106,107,108,109,110,111,112,113,114,115,116,117,118,119,120,121,122,123,124,125,126,127,128,129,130,131,132,133,134,135,136,137,138,139,140,141,142,143,144,145,146,147,148,149,150,151,152,153,154,155,156,157,158,159,160,161,162
A,0,0,0,1,32561,0,0,0,0,0,0,0,32529,12,6,0,3,0,0,2,0,0,0,11,0,11,4,1,0,0,2,0,0,0,0,0,0,31212,2,0,0,0,0,0,0,4,1,0,0,0,1,1,0,0,0,0,0,3,0,0,0,0,0,2,1,6,2,0,27765,9,5,0,0,0,0,0,23414,0,1,0,0,2,0,0,0,0,0,0,0,0,0,1,0,0,0,0,0,0,0,0,0,0,0,0,0,0,0,0,1,0,0,0,0,5,0,0,0,0,0,6,0,0,0,0,8,2,0,5,0,0,29202,29573,0,0,0,1,5,0,0,0,0,0,14,32212,1,0,0,1,0,33169,33270,0,1,0,0,0,2,1,0,0,0,0,0
C,0,11,0,0,0,0,0,0,1,6,8,0,0,0,0,0,0,30,0,0,0,0,0,0,0,0,0,0,63,0,0,0,0,0,0,0,1,0,3,0,0,2,0,0,0,0,0,7,2,7,0,0,0,0,3,16,0,29701,39,2,0,0,0,0,0,0,0,10,0,0,0,34,0,0,9,0,0,0,0,0,0,0,0,0,0,0,0,0,0,0,0,0,0,0,0,0,0,2,1,0,0,1,0,0,0,0,0,15,0,0,0,3,0,0,0,4,1,0,2,0,0,0,0,3,0,0,0,0,18,0,0,0,0,15,0,3,0,0,0,0,0,0,0,0,0,0,0,0,0,0,0,0,0,1,0,0,0,0,0,0,0,14,0
D,0,0,0,2,0,0,6,3,0,0,14,0,5,0,0,0,8,0,0,2,0,8,0,0,0,0,31856,0,0,0,0,31487,6,0,0,0,0,0,0,31147,0,0,0,0,0,0,2,1,0,0,4,1,0,0,23,0,9,0,0,0,0,0,0,0,22,0,28589,0,17,0,0,0,0,0,0,24616,0,0,21786,2,0,0,0,0,0,0,0,0,0,1,1,0,0,0,0,0,0,0,0,3,0,0,1,0,0,0,0,0,19510,0,0,19,21601,0,0,2,0,0,11,2,0,0,25957,10,0,30,2,1,0,29070,21,0,20,0,4,11,0,0,0,0,0,0,0,18,1,13,0,32945,4,0,27,0,0,0,0,2,0,0,0,33332,4,0,0
E,0,0,0,32553,1,0,0,32559,0,0,0,0,0,0,0,0,32397,0,0,32293,5,0,0,4,0,0,3,0,0,0,0,15,0,0,0,0,0,14,0,4,0,0,0,0,0,0,30772,0,0,0,30481,30378,0,0,0,0,0,0,0,0,0,2,16,0,28726,0,1,0,0,0,1,0,8,0,0,4,2,0,0,0,0,0,0,0,0,0,0,0,0,0,0,0,0,0,2,1,4,0,0,0,0,0,0,0,0,0,0,0,8,0,5,0,2,0,0,0,0,0,0,0,0,0,8,0,0,26772,0,0,0,2,0,18,29690,0,31039,0,2,0,0,0,5,7,0,0,32371,0,0,9,33243,41,1,6,7,0,0,0,0,0,0,4,0,0,0
F,0,0,0,0,0,3,0,0,0,0,0,2,0,0,0,0,0,0,4,0,0,0,31971,0,2,0,0,0,0,10,0,0,0,0,5,3,31332,0,11,0,0,31025,1,0,2,0,0,5,0,0,0,0,3,0,0,0,0,2,0,29529,16,0,0,0,0,0,0,0,0,0,0,0,0,4,0,0,0,4,0,0,0,0,0,0,0,0,0,0,0,0,0,0,0,0,0,0,0,9937,0,0,0,12484,0,2,0,0,0,0,0,0,0,0,0,2,0,2,23847,3,0,10,0,18,0,0,0,0,0,4,0,0,0,0,0,0,0,0,0,0,8,4,0,0,0,0,0,0,4,0,0,0,0,0,0,0,0,0,0,0,0,0,0,0,0
G,0,0,0,4,1,0,0,4,2,8,32530,0,2,0,0,0,13,0,0,4,0,0,0,0,0,0,2,0,0,0,0,5,0,0,0,0,0,0,0,4,5,0,0,0,0,0,9,0,7,1,2,6,0,0,30052,1,0,2,2,0,0,0,29127,0,6,0,6,0,0,0,0,1,0,0,1,4,0,0,6,0,0,0,0,0,0,0,0,0,0,0,0,0,0,4,8719,0,0,0,0,0,0,0,0,0,0,0,0,1,5,0,0,20842,2,4,0,0,0,0,24918,4,0,0,4,26366,0,11,0,1,0,4,1,0,19,1,7,31095,1,0,1,0,0,0,0,0,4,0,0,6,10,0,1,0,33326,8,0,0,0,0,0,3,0,0,0
H,0,25,0,0,0,0,0,0,0,0,0,0,0,0,0,0,0,15,0,0,0,0,0,0,0,0,1,0,57,1,2,1,1,0,0,0,0,0,0,0,0,0,0,3,0,0,0,6,0,31,0,0,0,0,0,27,0,0,29,0,0,2,0,0,0,0,1,7,0,0,0,39,0,0,4,0,0,0,0,1,3,0,0,0,0,0,0,0,0,0,1,0,0,0,0,0,0,0,0,0,0,0,12770,0,5,1,0,27,0,4,0,0,0,0,11,8,0,0,0,0,10,1,1,0,0,0,27736,0,9,0,0,0,0,16,0,0,0,0,0,0,0,0,0,0,0,0,0,0,0,0,0,0,0,0,0,33288,0,0,0,2,0,7,0
I,0,0,22,0,0,32577,1,0,9,13,0,7,0,6,0,0,0,0,32388,0,0,2,5,22,31925,14,0,0,0,2,0,0,1,0,31391,31358,2,0,0,0,9,5,0,0,0,16,0,0,10,0,0,0,30315,0,0,0,8,0,0,1,6,0,0,0,0,13,0,0,0,0,8,0,2,25969,0,0,0,22382,0,1,0,0,0,0,0,0,0,0,0,0,0,0,0,4,0,2,1,2,0,4,0,2,0,0,0,0,20,0,0,0,0,0,0,18,0,0,1,24183,0,36,0,29,0,0,18,0,0,27,0,0,0,0,0,0,0,0,31,25,7,31651,3,0,19,0,0,4,32693,0,0,0,1,0,0,25,0,0,0,0,8,0,2,0,0
K,0,0,4,20,0,0,6,16,0,0,0,0,0,1,9,1,21,0,0,19,32236,4,0,0,0,4,0,0,0,0,0,0,3,0,0,0,0,0,0,0,0,0,0,8,0,0,14,0,0,0,8,23,0,0,0,0,5,0,0,0,0,0,0,0,11,0,0,0,0,2,0,0,26046,0,0,0,0,0,0,0,23,0,0,0,0,0,0,0,0,1,0,1,3324,0,0,9568,9771,0,0,2,0,0,0,0,4,0,0,0,0,1,20591,0,0,0,13,0,0,0,0,0,9,0,0,0,0,7,0,0,0,0,0,0,4,0,19,0,0,1,0,0,31892,32063,0,0,17,2,0,0,40,0,0,33334,0,1,0,0,0,0,2,0,6,0,0
L,0,8,5,0,0,0,0,0,0,0,0,32574,0,0,0,32451,0,12,1,0,0,0,25,6,0,0,0,8,19,31628,8,0,0,5,0,3,8,0,0,0,0,23,30997,5,30911,0,0,0,0,7,0,0,3,30190,0,2,0,0,37,28,29497,4,0,18,0,0,0,2,0,0,1,5,0,2,7,0,0,1,0,0,0,0,0,0,0,0,0,0,0,0,0,0,0,0,0,0,0,6,1,0,12273,3,0,13233,0,5,1,6,0,1,0,0,0,0,4,0,13,1,0,1,1,25538,0,0,0,0,4,0,7,0,0,0,0,2,0,0,12,5,31336,0,0,0,0,0,0,0,0,0,0,0,0,0,0,0,33331,3,12,15,4,0,0,0,0
M,0,0,32553,0,0,0,0,0,0,0,0,0,0,0,40,40,0,0,0,0,4,0,0,0,1,0,0,0,0,0,0,0,0,0,1,0,0,0,0,0,0,0,5,0,0,0,0,0,0,0,0,0,2,8,0,0,0,0,0,0,0,0,0,0,0,0,0,0,0,10,0,0,0,0,0,0,0,0,0,0,0,9,0,0,0,0,0,0,0,0,0,3,0,0,0,0,0,0,0,0,0,0,0,2,0,0,15980,0,0,0,2,0,0,0,0,0,0,8,0,0,0,0,0,0,0,0,0,0,0,0,0,0,0,0,0,0,0,31289,0,2,0,2,0,0,0,0,4,0,0,0,0,0,0,0,2,0,0,0,33329,0,0,0,0
N,0,0,0,0,0,3,32573,0,25,11,0,0,0,0,0,0,0,0,3,0,25,32021,0,0,0,0,19,0,0,0,0,21,31485,0,2,2,0,0,0,8,18,0,0,0,0,15,0,0,20,0,0,0,10,0,0,0,29974,0,0,0,0,0,0,0,0,1,21,0,0,0,0,0,4,1,0,6,0,0,9,20692,0,0,0,0,0,0,0,0,0,2120,0,0,0,6,0,1,3,0,0,11911,0,0,9,0,0,0,0,0,8,0,2,0,27,0,0,1,0,1,0,0,0,0,8,0,2,0,35,0,0,13,0,0,0,0,0,0,0,0,0,4,3,9,4,0,0,32530,0,24,0,0,0,2,0,35,0,9,0,0,0,2,33331,0,0
P,0,1,0,1,0,0,0,0,0,0,0,0,0,3,2,11,0,1,0,0,0,0,0,0,0,0,0,31798,0,6,31585,0,0,31427,0,1,0,0,9,0,0,0,9,2,0,0,0,0,0,0,0,0,0,6,0,0,0,0,0,0,8,0,0,29012,0,0,0,0,0,0,0,1,0,0,1,0,0,0,0,0,1,1,0,0,0,0,0,0,0,0,0,0,0,0,0,0,0,0,0,0,0,0,0,0,0,15345,0,1,0,1,0,0,0,0,1,0,0,0,0,0,0,7,0,0,2,0,2,0,1,0,1,0,0,1,0,0,0,0,0,0,0,0,0,0,0,0,0,0,0,0,0,0,0,0,11,2,33331,33295,0,0,0,1,0
Q,0,0,0,2,0,0,0,1,0,0,0,0,0,0,0,1,2,0,0,1,1,0,0,0,0,0,0,3,0,0,0,0,0,3,0,0,0,0,0,0,0,0,1,30913,0,0,2,0,0,0,2,0,0,4,0,0,0,0,0,0,0,29369,0,2,0,0,0,0,0,0,0,0,0,0,0,0,0,0,0,0,19647,0,0,0,0,0,0,0,0,0,0,0,0,0,0,0,0,0,0,0,0,0,3,0,14109,0,0,0,0,19844,0,0,0,0,22386,0,0,0,0,0,25175,0,0,0,0,0,3,0,0,0,0,0,0,0,3,0,0,0,0,0,0,1,0,0,3,0,0,0,0,0,0,0,0,0,3,9,1,16,0,0,0,0,0
R,32590,32544,1,0,0,0,0,0,1,24,0,0,0,1,1,0,0,32365,0,0,12,0,0,0,1,0,0,0,31467,0,0,0,0,0,0,0,0,0,0,0,16,0,0,10,0,0,0,0,5,30610,0,0,0,0,0,29984,0,6,29513,0,1,4,14,0,0,0,0,28332,0,0,0,27078,6,0,25438,0,0,0,0,0,2,0,0,0,0,0,0,0,0,0,0,0,0,0,6,4,3,0,4,0,0,0,2,0,6,0,3,18657,0,7,4,0,0,0,4,0,0,0,2,0,7,0,0,1,0,0,4,0,28716,0,0,0,0,30846,0,1,0,3,0,0,5,14,0,0,0,0,0,0,0,0,0,7,9,68,3,5,0,1,0,0,0,33318,0
S,0,1,0,0,7,0,4,0,32552,32527,15,6,24,4,2,0,0,12,0,0,0,11,8,0,2,6,0,10,69,0,11,0,5,8,0,0,6,9,31179,0,31075,5,0,0,7,2,0,0,30661,3,0,0,0,0,9,8,5,1,35,7,0,0,0,31,0,3,0,3,10,3,0,5,0,1,1,0,1,1,0,2,0,1,0,0,0,0,0,0,0,0,0,0,0,3791,0,0,0,3,0,5,4,3,0,2,0,6,0,18,0,0,0,7,0,0,0,2,8,2,11,0,0,0,0,13,5,0,0,0,11,0,0,13,0,20,0,11,0,0,8,2,0,0,4,4,0,9,2,0,0,59,5,0,0,33212,0,0,1,14,0,0,6,10,0
T,0,0,4,0,16,3,0,0,0,1,0,0,18,32563,32487,0,0,0,7,0,3,2,0,0,6,31885,0,5,0,0,3,0,0,7,4,9,0,9,2,0,0,0,0,0,0,30865,0,0,1,0,0,0,5,0,0,0,0,0,0,0,0,0,0,28,0,28656,0,0,26,27716,0,0,0,6,0,0,5,1,0,0,0,19281,0,0,0,0,0,0,0,0,0,2908,0,0,0,0,0,0,0,0,0,0,0,0,0,4,6,0,0,0,1,0,0,0,0,0,0,2,0,0,0,0,0,0,26629,0,0,0,0,0,18,10,0,0,0,0,0,2,0,7,0,3,32122,24,0,4,5,0,0,46,21,0,0,0,0,0,3,8,5,0,0,0,0
V,0,0,1,4,4,4,0,1,0,0,23,1,12,0,0,0,8,0,9,0,0,0,1,31953,4,0,3,0,0,0,0,4,0,0,10,2,0,35,0,6,0,0,1,0,0,0,3,0,0,0,2,3,7,0,0,0,0,0,0,1,0,0,5,0,2,0,3,0,21,0,27471,0,0,6,0,4,12,2,2,0,0,0,0,0,0,0,0,0,0,0,0,0,0,0,0,0,0,0,0,0,0,3,0,3,0,0,1,0,4,0,0,11,2,22108,0,0,1,8,9,25011,0,0,2,3,0,3,0,28601,0,1,14,13,2,0,1,3,31223,3,1,4,0,0,0,26,3,0,7,1,3,35,24,0,5,0,0,0,0,0,2,5,0,0,33350
W,0,0,0,0,0,0,0,0,0,0,0,0,0,0,0,0,0,0,0,0,0,0,0,0,0,0,0,0,0,0,0,0,0,0,0,0,0,0,0,0,0,0,0,0,0,0,0,0,0,0,0,0,0,0,0,0,0,1,0,0,0,0,6,0,0,0,0,0,0,0,0,0,0,0,0,0,0,0,0,0,0,0,0,0,0,0,0,0,0,0,0,0,0,0,0,0,0,0,11570,0,0,0,0,0,0,0,0,0,0,0,0,0,0,0,0,0,0,0,0,0,0,0,0,0,0,0,0,0,0,0,0,0,0,0,0,0,0,0,0,0,0,0,0,0,0,0,0,0,0,0,0,0,2,0,0,0,0,0,0,0,0,0,0
Y,0,0,0,0,0,0,0,0,0,0,0,0,0,0,0,0,0,0,0,0,0,3,4,0,0,0,2,0,0,0,0,34,3,0,0,0,2,0,1,1,0,8,0,0,0,0,0,30758,0,0,0,0,0,0,0,0,1,17,0,7,0,0,0,0,0,0,5,0,0,0,0,0,0,0,0,1,0,0,3,4,0,0,0,0,0,0,0,0,0,1,2211,0,0,0,0,0,0,2,0,1,0,1,9,0,0,0,0,0,2,0,0,0,29,0,0,23494,2,0,0,0,0,0,2,0,0,0,29,0,0,5,0,0,0,0,0,0,0,0,0,0,0,0,0,0,0,3,0,6,0,0,0,0,0,0,0,32,0,0,0,2,1,0,0
*,0,0,0,3,0,0,0,6,0,0,0,0,0,0,0,0,14,0,0,5,2,0,0,0,0,0,0,0,0,0,0,0,0,0,0,0,0,0,0,0,0,0,0,25,9,0,11,1,0,0,3,14,0,0,0,0,0,4,0,0,0,28,0,0,5,0,0,0,0,0,0,0,7,0,0,0,0,0,0,0,10,0,0,0,0,0,0,0,0,0,0,0,1,0,1,0,0,0,8,0,0,0,0,0,9,0,0,0,0,9,1,0,0,0,15,4,0,0,0,0,16,0,0,0,0,1,0,0,0,0,0,0,2,0,1,0,0,0,4,0,11,1,0,0,10,0,0,0,30,0,0,1,0,0,0,0,0,0,0,0,0,0,0
