,A,C,D,E,F,G,H,I,K,L,M,N,P,Q,R,S,T,V,W,Y,*
A,,0.15177098704547426,0.42409398864254955,0.3426462029199818,0.26539397162480083,0.39653555997297607,0.15117812655372592,0.3052491557898261,0.22453506656638691,0.15586226010416993,0.25707511611696554,0.08927584491465622,0.4205016676530452,0.19684880089684484,0.16829563010036097,0.33034342118505483,0.3829748752206093,0.47128648625643504,0.1751168537786791,0.267255293216766,0.0
C,0.029316762448263336,,0.04886127074710556,0.009772254149421112,0.04886127074710556,0.04886127074710556,0.04886127074710556,0.06840577904594777,0.019544508298842224,0.0,0.0,0.029316762448263336,0.019544508298842224,0.03908901659768445,0.029316762448263336,0.14658381224131667,0.019544508298842224,0.0,0.06840577904594777,0.029316762448263336,0.019544508298842224
D,0.523307159314881,0.3780817897837569,,0.48520743103508696,0.43067152126251335,0.5920814081817636,0.5318194171365721,0.5032441593952066,0.22630166558234077,0.48733616574008043,0.3571291652519834,0.7640798183618579,0.581905534025793,0.49755767144393614,0.39270028190877226,0.3975469194936054,0.40051462568526114,0.8986355529338139,0.4101057173516995,0.5915500979370018,0.0
E,0.29635373090975364,0.18471235676952916,0.31069927576251677,,0.2633793738044027,0.8817963085727147,0.24536432891880763,0.3649128480248508,0.36141874134629726,0.2631705088160724,0.28400424224993204,0.32555703886602827,0.22188578553023966,0.24466430917975215,0.18224556173538337,0.26938192101692915,0.3510466479893923,0.4606384906076258,0.2147771303860641,0.18559988135227223,0.13550097050103127
F,0.3689065866008785,0.3771483495133573,0.3317445672077496,0.3146400073877,,0.45043566736495666,0.2876468002884697,0.315786340365624,0.1844125535283496,0.5770041301536974,0.3410615901014357,0.27329362391996304,0.2076094170370641,0.2387691921454718,0.34060782766767495,0.5615005560098338,0.2118022476492407,0.3344845325569353,0.26249536840948356,0.31425659207743206,0.0
G,0.2638760490162696,0.39843029796129786,0.28234932314062494,0.18158731810700177,0.2596898520405738,,0.2898730726537234,0.3510139838894689,0.19710787213276731,0.26562785222302215,0.2473837594359306,0.25958812419699123,0.20748770562171145,0.32133701301716855,0.47426502127542985,0.3629653347538304,0.2695845686025241,0.39333367808380226,0.3185091148883884,0.30868071004981806,0.06928533587993765
H,0.02271739467928191,0.0,0.10087827932429862,0.06815218403784573,0.010008700607170998,0.05544348996573481,,0.02271739467928191,0.0,0.06545219057290581,0.02271739467928191,0.1509217823601536,0.05544348996573481,0.08816958525218772,0.1282043876808717,0.05544348996573481,0.12089568053864064,0.06815218403784573,0.04543478935856382,0.04543478935856382,0.0
I,0.3187983479363184,0.3025321447621633,0.37501179422404307,0.24094954462330984,0.424625135214288,0.24836961273413463,0.3281562525258919,,0.37389158684398976,0.26195457346139167,0.4283373196906999,0.4036850001801421,0.2398555673056124,0.38645262247601053,0.40027172336914907,0.4562478037095309,0.5284237184168449,0.6473360834665356,0.47575567104577504,0.18348498212033196,0.0
K,0.2658928079648157,0.290161493354251,0.24196978095456403,0.7018347769467028,0.21561875736536082,0.44392871191449684,0.2990335352720002,0.2768305682861336,,0.2632729160051379,0.3467837061004731,0.45340849198505984,0.2410706072041599,0.25269903107544206,0.4872010918624975,0.3735425086978413,0.3817950213111804,0.2733417524083679,0.2208584426375655,0.38322309089276685,0.07679983862819334
L,0.3194364502216443,0.3662731671004221,0.3737052108736019,0.4455522109411465,0.5869675417900779,0.4688008365343659,0.6239339889203751,0.5087427165842092,0.4948213562820405,,0.5387634288203146,0.6051559468675511,0.8773358130948163,0.531586725586651,0.4855197214660015,0.9928143471947155,0.4878042364770531,0.6336269431903203,0.4646189833394,0.3841403032467673,0.12183384907682394
M,0.07107093926851718,0.0,0.0,0.14214187853703436,0.03553546963425859,0.12437414371990504,0.0,0.10657120867342108,0.10659467549299087,0.08882694067586158,,0.10659467549299087,0.03553546963425859,0.017767734817129295,0.19543334957863734,0.07107093926851718,0.15101987924070656,0.04441347033793079,0.05330320445138788,0.0,0.0
N,0.23404283688351832,0.22589874354797596,0.2411290651045837,0.22156824747630635,0.2906951743977932,0.2973631647661515,0.33150700427867913,0.2887718350383023,0.2566743549919424,0.21146690511340296,0.1908762729126401,,0.30905848277312953,0.20252255624996549,0.20848334293436382,0.20353942727236804,0.21690312172285778,0.23286471180124077,0.2063209174639803,0.2694740193598509,0.0
P,0.29309330525832983,0.3398550670237366,0.37357201257475153,0.23335307463235674,0.28277777816032673,0.2841691073984463,0.28360549881418257,0.19604540658350247,0.08464897448992535,0.403485005684522,0.30982607774114523,0.1975547989350669,,0.30875156668552955,0.3267360891473528,0.38884395949905226,0.23468386296674765,0.21755293909555828,0.1950397451594119,0.2821328363701929,0.0
Q,0.31437319828058385,0.4135734141187636,0.2883390939888558,0.4306735880220615,0.4219512701596977,0.28485184055765855,0.3740553014186436,0.2187125831787456,0.3321405440560323,0.5180091572629765,0.30242600335891123,0.3843909738647596,0.44948166607528894,,0.4581893421027823,0.1228425039628506,0.39783812475070907,0.3172297140021587,0.3498869279761957,0.24635690853178766,0.17709479433165473
R,0.0,0.5808490506695505,0.29567107207923954,0.32733947114134343,0.19376494899545543,0.44286092249521447,0.7799005391029941,0.1456940376682215,0.20797926362702618,0.5718726619662089,0.2746966233403915,0.2827910996961212,0.3965588949333557,0.280028326865276,,0.3961232532780981,0.32837574300004146,0.24768626247431802,0.3353861484844766,0.18389066169971033,0.0
S,0.0281532132406039,0.1606132802326742,0.16984982799703133,0.25477889970812984,0.1887449201297987,0.3880133202819925,0.2177403637378114,0.3211198256910481,0.14132381637830543,0.26384488553673335,0.12216984412378537,0.20786608593460726,0.19790753956956708,0.04692202206767317,0.6433663619416279,,0.3775217538403241,0.1975223761421163,0.34072052464827884,0.1322259169689752,0.0
T,0.57719389923443,0.4207184136016078,0.3038039282411266,0.27815010948323465,0.18072059011510733,0.43451094652804834,0.1268115108056112,0.42500941217424065,0.31152952906576814,0.3232610980591517,0.5309397236784118,0.4658609596096039,0.3328189899325786,0.2522794153371567,0.19598352056976004,0.5223314119023078,,0.4147968975791314,0.3801733415796729,0.352934405710498,0.0
V,0.2747912281782944,0.20528447276874645,0.2564144301110608,0.26958713333605,0.3181223810650341,0.18559612166963255,0.14728062592181,0.2441168605551909,0.13890771569577628,0.17101792115250897,0.1801949563616947,0.16682493938754878,0.11340405138581054,0.19744013833131266,0.0322603789371289,0.16319936386530826,0.11300044646452984,,0.21748101498065023,0.14955317843121885,0.0
W,0.0,0.05111722295433205,0.025558611477166024,0.025558611477166024,0.0,0.05111722295433205,0.0,0.025558611477166024,0.0,0.025558611477166024,0.07667583443149809,0.0,0.07667583443149809,0.1022344459086641,0.1022344459086641,0.05111722295433205,0.0,0.025558611477166024,,0.0,0.0
Y,0.21542004877006826,0.1438447258283691,0.1438447258283691,0.18692873558238274,0.17928534732673332,0.06972160680145342,0.09821291998913896,0.05767670632034177,0.17303011896102533,0.07667091511213213,0.028491313187685528,0.12485051703657872,0.08616801950802731,0.06207821854580402,0.06717381071623695,0.050033318064692356,0.02154200487700683,0.06717381071623695,0.07226940288666989,,0.0
*,0.0,0.0,0.0,0.0,0.0,0.0,0.0,0.0,0.0,0.0,0.0,0.0,0.0,0.0,0.0,0.0,0.0,0.0,0.0,0.0,
